년도,부류,부류 상세,도매시장,공판장,물량,금액,단위
"2015","수산","수산","대전오정","한밭수산","5840","30324",톤, 백만원
"2015","수산","수산","대전노은","대전노은신화수산","2410","15417",톤, 백만원
"2015","수산","수산","울 산","울산중앙수산","1970","9810",톤, 백만원
"2015","수산","수산","울 산","울산건해산물","410","3790",톤, 백만원
"2015","수산","수산","울 산","울산수협(공)","3363","15306",톤, 백만원
"2015","수산","수산","울 산","상장예외","0","0",톤, 백만원
"2015","수산","수산","수 원","수원수산","3033","11216",톤, 백만원
"2015","수산","수산","수 원","남부수협수원(공)","3867","15359",톤, 백만원
"2015","수산","수산","안 양","안양평촌수산","7443","30652",톤, 백만원
"2015","수산","수산","안 산","안산수산","3225","11949",톤, 백만원
"2015","수산","수산","안 산","상장예외","164","678",톤, 백만원
"2015","수산","수산","구 리","강북수산","21034","65528",톤, 백만원
"2015","수산","수산","구 리","수협구리(공)","17380","56377",톤, 백만원
"2015","수산","수산","구 리","상장예외","1105","12805",톤, 백만원
"2015","수산","수산","청 주 ","청주수산","1527","5583",톤, 백만원
"2015","수산","수산","충 주 ","중원수산","766","2948",톤, 백만원
"2015","수산","수산","천 안","해랑수산","346","1646",톤, 백만원
"2015","수산","수산","전 주","전주수산","1269","5691",톤, 백만원
"2015","수산","수산","전 주","수협전주(공)","503","2926",톤, 백만원
"2015","수산","수산","익 산 ","이리수산","1872","6485",톤, 백만원
"2015","청과","과일","대전오정","대전청과","20655","44219",톤, 백만원
"2015","청과","과일","대전오정","농협대전(공)","27553","59781",톤, 백만원
"2015","청과","과일","대전노은","대전중앙청과","19414","41619",톤, 백만원
"2015","청과","과일","대전노은","대전원예농협노은(공)","13410","27412",톤, 백만원
"2015","청과","과일","울 산","울산중앙청과","15555","30414",톤, 백만원
"2015","청과","과일","울 산","울산원예농협(공)","14686","31106",톤, 백만원
"2015","청과","과일","수 원","수원청과","8791","19422",톤, 백만원
"2015","청과","과일","수 원","경기청과","10514","21764",톤, 백만원
"2015","청과","과일","수 원","수원원예농협(공)","7013","13844",톤, 백만원
"2015","청과","과일","수 원","상장예외","0","0",톤, 백만원
"2015","청과","과일","안 양","태 원","3881","7947",톤, 백만원
"2015","청과","과일","안 양","안양청과(주)","128","271",톤, 백만원
"2015","청과","과일","안 양","안양원예농협(공)","17546","40031",톤, 백만원
"2015","청과","과일","안 산","안산농산물","8015","15561",톤, 백만원
"2015","청과","과일","안 산","농협안산(공)","14339","28991",톤, 백만원
"2015","청과","과일","구 리","구리청과","41691","81273",톤, 백만원
"2015","청과","과일","구 리","인터넷청과","27635","59193",톤, 백만원
"2015","청과","과일","구 리","농협구리(공)","34514","67265",톤, 백만원
"2015","청과","과일","구 리","상장예외","40","114",톤, 백만원
"2015","청과","과일","춘 천","춘천중앙청과","1834","3738",톤, 백만원
"2015","청과","과일","춘 천","춘천원예농협(공)","3270","8120",톤, 백만원
"2015","청과","과일","원 주","합동청과","6216","12786",톤, 백만원
"2015","청과","과일","원 주","원주원예농협(공)","6277","13071",톤, 백만원
"2015","청과","과일","강 릉","강릉농산물","5417","11040",톤, 백만원
"2015","청과","과일","청 주","청주청과","11680","23734",톤, 백만원
"2015","청과","과일","청 주","충북원예농협청주(공)","13302","27594",톤, 백만원
"2015","청과","과일","충 주","중원청과","2854","5033",톤, 백만원
"2015","청과","과일","충 주","충주원예농협충주(공)","9927","21480",톤, 백만원
"2015","청과","과일","천 안","천안청과","16357","34293",톤, 백만원
"2015","청과","과일","천 안","천안농협(공)","10513","21597",톤, 백만원
"2015","청과","과일","전 주","전주청과","10233","21217",톤, 백만원
"2015","청과","과일","전 주","전주원예농협(공)","10732","21963",톤, 백만원
"2015","청과","과일","익 산","이리청과","3651","7565",톤, 백만원
"2015","청과","과일","익 산","익산원예농협(공)","9823","22541",톤, 백만원
"2015","청과","과일","정 읍","정일청과","4436","8425",톤, 백만원
"2015","청과","과일","정 읍","정읍원예농협(공)","2110","3748",톤, 백만원
"2015","청과","과일","순 천","남도청과","8197","17173",톤, 백만원
"2015","청과","과일","순 천","남일청과","6588","13839",톤, 백만원
"2015","청과","과일","순 천","순천원예농협(공)","8484","17376",톤, 백만원
"2015","청과","과일","포 항","포항청과","7357","15107",톤, 백만원
"2015","청과","과일","포 항","대구경북능금농협포항(공)","6712","15087",톤, 백만원
"2015","청과","과일","포 항","포항농협(공)","3383","5813",톤, 백만원
"2015","청과","과일","안 동","안동청과","48922","98118",톤, 백만원
"2015","청과","과일","안 동","안동농협(공)","51934","99051",톤, 백만원
"2015","청과","과일","구 미","구미중앙청과","4382","8600",톤, 백만원
"2015","청과","과일","구 미","구미농협(공)","5839","11421",톤, 백만원
"2015","청과","과일","창원팔용","창원청과","9546","21384",톤, 백만원
"2015","청과","과일","창원팔용","농협창원(공)","11853","25980",톤, 백만원
"2015","청과","과일","창원내서","마산청과","11371","25066",톤, 백만원
"2015","청과","과일","창원내서","창원원예농협(공)","12931","22882",톤, 백만원
"2015","청과","과일","진 주","진주중앙청과","10645","21669",톤, 백만원
"2015","청과","과일","진 주","진주원예농협(공)","11590","25027",톤, 백만원
"2015","수산","수산","서울가락","강동수산","44488","153428",톤, 백만원
"2015","수산","수산","서울가락","서울건해","20123","127094",톤, 백만원
"2015","수산","수산","서울가락","수협가락(공)","26187","81627",톤, 백만원
"2015","수산","수산","서울가락","상장예외","11365","71483",톤, 백만원
"2015","수산","수산","부산국제","부산감천항수산","13510","45717",톤, 백만원
"2015","수산","수산","부산국제","삼성아이에프엠","56723","83300",톤, 백만원
"2015","수산","수산","부산국제","부산수산물(공)","47832","80962",톤, 백만원
"2015","수산","수산","부산국제","상장예외","152","679",톤, 백만원
"2015","수산","수산","대구북부","대구수산","6648","18958",톤, 백만원
"2015","수산","수산","대구북부","대구종합수산","6545","28075",톤, 백만원
"2015","수산","수산","대구북부","대구신화수산","5333","28377",톤, 백만원
"2015","수산","수산","광주서부","수협광주(공)","4206","28780",톤, 백만원
"2015","청과","채소","충 주","중원청과","9374","12431",톤, 백만원
"2015","청과","채소","충 주","충주원예농협충주(공)","10748","19231",톤, 백만원
"2015","청과","채소","천 안","천안청과","27183","35423",톤, 백만원
"2015","청과","채소","천 안","천안농협(공)","11822","17192",톤, 백만원
"2015","청과","채소","전 주","전주청과","24219","31008",톤, 백만원
"2015","청과","채소","전 주","전주원예농협(공)","32186","44804",톤, 백만원
"2015","청과","채소","익 산","이리청과","5141","7635",톤, 백만원
"2015","청과","채소","익 산","익산원예농협(공)","34534","51303",톤, 백만원
"2015","청과","채소","정 읍","정일청과","8699","11687",톤, 백만원
"2015","청과","채소","정 읍","정읍원예농협(공)","2477","3478",톤, 백만원
"2015","청과","채소","순 천","남도청과","23389","27616",톤, 백만원
"2015","청과","채소","순 천","남일청과","2090","3515",톤, 백만원
"2015","청과","채소","순 천","순천원예농협(공)","32546","39882",톤, 백만원
"2015","청과","채소","포 항","포항청과","4081","8748",톤, 백만원
"2015","청과","채소","포 항","대구경북능금농협포항(공)","3176","6617",톤, 백만원
"2015","청과","채소","포 항","포항농협(공)","1716","2944",톤, 백만원
"2015","청과","채소","안 동","안동청과","4373","6265",톤, 백만원
"2015","청과","채소","안 동","안동농협(공)","10265","16022",톤, 백만원
"2015","청과","채소","구 미","구미중앙청과","4592","6564",톤, 백만원
"2015","청과","채소","구 미","구미농협(공)","8152","10815",톤, 백만원
"2015","청과","채소","창원팔용","창원청과","12669","14725",톤, 백만원
"2015","청과","채소","창원팔용","농협창원(공)","23657","30658",톤, 백만원
"2015","청과","채소","창원내서","마산청과","15111","21783",톤, 백만원
"2015","청과","채소","창원내서","창원원예농협(공)","25025","27858",톤, 백만원
"2015","청과","채소","진 주","진주중앙청과","8584","17779",톤, 백만원
"2015","청과","채소","진 주","진주원예농협(공)","29693","54978",톤, 백만원
"2015","청과","과일","서울가락","서울청과","94385","216497",톤, 백만원
"2015","청과","과일","서울가락","중앙청과","100608","221829",톤, 백만원
"2015","청과","과일","서울가락","동부팜청과","44607","91635",톤, 백만원
"2015","청과","과일","서울가락","한국청과","39417","79637",톤, 백만원
"2015","청과","과일","서울가락","대아청과","0","0",톤, 백만원
"2015","청과","과일","서울가락","농협가락(공)","68376","143402",톤, 백만원
"2015","청과","과일","서울가락","상장예외","8908","38117",톤, 백만원
"2015","청과","과일","서울강서","서부청과","21536","40641",톤, 백만원
"2015","청과","과일","서울강서","강서청과","9845","17040",톤, 백만원
"2015","청과","과일","서울강서","농협강서(공)","23005","45685",톤, 백만원
"2015","청과","과일","서울강서","시장도매인","136215","280782",톤, 백만원
"2015","청과","과일","부산엄궁","부산청과","20161","38800",톤, 백만원
"2015","청과","과일","부산엄궁","항도청과","25939","47312",톤, 백만원
"2015","청과","과일","부산엄궁","농협부산(공)","21601","45282",톤, 백만원
"2015","청과","과일","부산엄궁","상장예외","0","0",톤, 백만원
"2015","청과","과일","부산반여","동부청과","19617","40825",톤, 백만원
"2015","청과","과일","부산반여","부산중앙청과","19350","41221",톤, 백만원
"2015","청과","과일","부산반여","농협반여(공)","22634","47340",톤, 백만원
"2015","청과","과일","부산반여","상장예외","0","0",톤, 백만원
"2015","청과","과일","대구북부","대구중앙청과","25391","52337",톤, 백만원
"2015","청과","과일","대구북부","효성청과","12942","24457",톤, 백만원
"2015","청과","과일","대구북부","대양청과","10987","19477",톤, 백만원
"2015","청과","과일","대구북부","농협북대구(공)","17514","34440",톤, 백만원
"2015","청과","과일","대구북부","대구경북원예농협(공)","7164","13168",톤, 백만원
"2015","청과","과일","대구북부","상장예외","0","0",톤, 백만원
"2015","청과","과일","인천구월","인천농산물(주)","11057","22926",톤, 백만원
"2015","청과","과일","인천구월","대인농산","10973","19983",톤, 백만원
"2015","청과","과일","인천구월","덕풍청과(주)","11943","24270",톤, 백만원
"2015","청과","과일","인천구월","인천원예농협구월(공)","10484","19944",톤, 백만원
"2015","청과","과일","인천삼산","부평농산","14249","28980",톤, 백만원
"2015","청과","과일","인천삼산","경인농산","12775","25360",톤, 백만원
"2015","청과","과일","인천삼산","인천원예농협삼산(공)","13941","27220",톤, 백만원
"2015","청과","과일","광주각화","광주청과","16032","32486",톤, 백만원
"2015","청과","과일","광주각화","광주중앙청과","8588","15600",톤, 백만원
"2015","청과","과일","광주각화","광주원예농협(공)","26060","52101",톤, 백만원
"2015","청과","과일","광주서부","두레청과","24208","51070",톤, 백만원
"2015","청과","과일","광주서부","호남청과","25662","54398",톤, 백만원
"2015","청과","과일","광주서부","농협광주(공)","19748","43188",톤, 백만원
"2015","청과","채소","서울가락","서울청과","278828","479898",톤, 백만원
"2015","청과","채소","서울가락","중앙청과","244234","474488",톤, 백만원
"2015","청과","채소","서울가락","동부팜청과","349775","583643",톤, 백만원
"2015","청과","채소","서울가락","한국청과","396362","596880",톤, 백만원
"2015","청과","채소","서울가락","대아청과","437312","289234",톤, 백만원
"2015","청과","채소","서울가락","농협가락(공)","146435","295520",톤, 백만원
"2015","청과","채소","서울가락","상장예외","213413","480366",톤, 백만원
"2015","청과","채소","서울강서","서부청과","86650","105123",톤, 백만원
"2015","청과","채소","서울강서","강서청과","67011","75678",톤, 백만원
"2015","청과","채소","서울강서","농협강서(공)","84261","101865",톤, 백만원
"2015","청과","채소","서울강서","시장도매인","177578","296225",톤, 백만원
"2015","청과","채소","부산엄궁","부산청과","53167","69067",톤, 백만원
"2015","청과","채소","부산엄궁","항도청과","52418","74555",톤, 백만원
"2015","청과","채소","부산엄궁","농협부산(공)","84775","130873",톤, 백만원
"2015","청과","채소","부산엄궁","상장예외","137454","76557",톤, 백만원
"2015","청과","채소","부산반여","동부청과","52383","78150",톤, 백만원
"2015","청과","채소","부산반여","부산중앙청과","47081","75749",톤, 백만원
"2015","청과","채소","부산반여","농협반여(공)","64623","112679",톤, 백만원
"2015","청과","채소","부산반여","상장예외","60092","49193",톤, 백만원
"2015","청과","채소","대구북부","대구중앙청과","68402","122646",톤, 백만원
"2015","청과","채소","대구북부","효성청과","108216","134560",톤, 백만원
"2015","청과","채소","대구북부","대양청과","99002","128012",톤, 백만원
"2015","청과","채소","대구북부","농협북대구(공)","45525","69520",톤, 백만원
"2015","청과","채소","대구북부","대구경북원예농협(공)","36992","33468",톤, 백만원
"2015","청과","채소","대구북부","상장예외","106448","81665",톤, 백만원
"2015","청과","채소","인천구월","인천농산물(주)","54607","67381",톤, 백만원
"2015","청과","채소","인천구월","대인농산","37907","49783",톤, 백만원
"2015","청과","채소","인천구월","덕풍청과(주)","27371","38096",톤, 백만원
"2015","청과","채소","인천구월","인천원예농협구월(공)","31822","40195",톤, 백만원
"2015","청과","채소","인천삼산","부평농산","58072","63345",톤, 백만원
"2015","청과","채소","인천삼산","경인농산","59035","72504",톤, 백만원
"2015","청과","채소","인천삼산","인천원예농협삼산(공)","51059","69462",톤, 백만원
"2015","청과","채소","광주각화","광주청과","45519","64593",톤, 백만원
"2015","청과","채소","광주각화","광주중앙청과","66267","97058",톤, 백만원
"2015","청과","채소","광주각화","광주원예농협(공)","78509","97049",톤, 백만원
"2015","청과","채소","광주서부","두레청과","47551","70436",톤, 백만원
"2015","청과","채소","광주서부","호남청과","58197","75610",톤, 백만원
"2015","청과","채소","광주서부","농협광주(공)","56616","88141",톤, 백만원
"2015","청과","채소","대전오정","대전청과","86215","105896",톤, 백만원
"2015","청과","채소","대전오정","농협대전(공)","111015","163421",톤, 백만원
"2015","청과","채소","대전노은","대전중앙청과","85927","104470",톤, 백만원
"2015","청과","채소","대전노은","대전원예농협노은(공)","29444","44771",톤, 백만원
"2015","청과","채소","울 산","울산중앙청과","31235","38124",톤, 백만원
"2015","청과","채소","울 산","울산원예농협(공)","27509","45620",톤, 백만원
"2015","청과","채소","수 원","수원청과","28767","35597",톤, 백만원
"2015","청과","채소","수 원","경기청과","32665","41445",톤, 백만원
"2015","청과","채소","수 원","수원원예농협(공)","24586","27275",톤, 백만원
"2015","청과","채소","수 원","상장예외","1218","4152",톤, 백만원
"2015","청과","채소","안 양","태 원","11852","14373",톤, 백만원
"2015","청과","채소","안 양","안양청과(주)","273","304",톤, 백만원
"2015","청과","채소","안 양","안양원예농협(공)","23653","30704",톤, 백만원
"2015","청과","채소","안 산","안산농산물","29471","34534",톤, 백만원
"2015","청과","채소","안 산","농협안산(공)","35996","47506",톤, 백만원
"2015","청과","채소","구 리","구리청과","106229","145124",톤, 백만원
"2015","청과","채소","구 리","인터넷청과","86444","109730",톤, 백만원
"2015","청과","채소","구 리","농협구리(공)","92815","118843",톤, 백만원
"2015","청과","채소","구 리","상장예외","15686","48205",톤, 백만원
"2015","청과","채소","춘 천","춘천중앙청과","5041","8368",톤, 백만원
"2015","청과","채소","춘 천","춘천원예농협(공)","5107","9009",톤, 백만원
"2015","청과","채소","원 주","합동청과","11712","16594",톤, 백만원
"2015","청과","채소","원 주","원주원예농협(공)","9397","14193",톤, 백만원
"2015","청과","채소","강 릉","강릉농산물","16177","27379",톤, 백만원
"2015","청과","채소","청 주","청주청과","40239","57386",톤, 백만원
"2015","청과","채소","청 주","충북원예농협청주(공)","32849","46006",톤, 백만원
"2014","수산","수산","대전오정","한밭수산","6301","33738",톤, 백만원
"2014","수산","수산","대전노은","대전노은신화수산","370","2102",톤, 백만원
"2014","수산","수산","울 산","울산중앙수산","2158","10101",톤, 백만원
"2014","수산","수산","울 산","울산건해산물","509","5242",톤, 백만원
"2014","수산","수산","울 산","울산수협(공)","3379","14789",톤, 백만원
"2014","수산","수산","울 산","상장예외","39","512",톤, 백만원
"2014","수산","수산","수 원","수원수산","2886","11513",톤, 백만원
"2014","수산","수산","수 원","남부수협수원(공)","4321","14897",톤, 백만원
"2014","수산","수산","안 양","안양평촌수산","7876","31074",톤, 백만원
"2014","수산","수산","안 산","안산수산","3243","11444",톤, 백만원
"2014","수산","수산","안 산","상장예외","146","1081",톤, 백만원
"2014","수산","수산","구 리","강북수산","21645","64473",톤, 백만원
"2014","수산","수산","구 리","수협구리(공)","18422","56597",톤, 백만원
"2014","수산","수산","구 리","상장예외","1223","13034",톤, 백만원
"2014","수산","수산","청 주 ","청주수산","1460","5266",톤, 백만원
"2014","수산","수산","충 주 ","중원수산","638","2679",톤, 백만원
"2014","수산","수산","전 주","전주수산","1500","5834",톤, 백만원
"2014","수산","수산","전 주","수협전주(공)","830","4463",톤, 백만원
"2014","수산","수산","익 산 ","이리수산","1981","6485",톤, 백만원
"2014","청과","과일","대전오정","대전청과","21223","45539",톤, 백만원
"2014","청과","과일","대전오정","농협대전(공)","25367","55198",톤, 백만원
"2014","청과","과일","대전노은","대전중앙청과","18612","41048",톤, 백만원
"2014","청과","과일","대전노은","대전원예농협노은(공)","12365","25802",톤, 백만원
"2014","청과","과일","울 산","울산중앙청과","10551","21742",톤, 백만원
"2014","청과","과일","울 산","울산원예농협(공)","22123","44799",톤, 백만원
"2014","청과","과일","수 원","수원청과","8855","19980",톤, 백만원
"2014","청과","과일","수 원","경기청과","10625","23338",톤, 백만원
"2014","청과","과일","수 원","수원원예농협(공)","7197","14555",톤, 백만원
"2014","청과","과일","수 원","상장예외","0","0",톤, 백만원
"2014","청과","과일","안 양","태 원","4748","10452",톤, 백만원
"2014","청과","과일","안 양","안양청과(주)","905","2001",톤, 백만원
"2014","청과","과일","안 양","안양원예농협(공)","18050","40174",톤, 백만원
"2014","청과","과일","안 산","안산농산물","7526","14984",톤, 백만원
"2014","청과","과일","안 산","농협안산(공)","14190","26827",톤, 백만원
"2014","청과","과일","구 리","구리청과","40400","81747",톤, 백만원
"2014","청과","과일","구 리","인터넷청과","25662","53822",톤, 백만원
"2014","청과","과일","구 리","농협구리(공)","33027","66848",톤, 백만원
"2014","청과","과일","구 리","상장예외","74","280",톤, 백만원
"2014","청과","과일","춘 천","춘천중앙청과","2583","5528",톤, 백만원
"2014","청과","과일","춘 천","춘천원예농협(공)","2961","6783",톤, 백만원
"2014","청과","과일","원 주","합동청과","6763","15384",톤, 백만원
"2014","청과","과일","원 주","원주원예농협(공)","6353","14208",톤, 백만원
"2014","청과","과일","강 릉","강릉농산물","5632","11655",톤, 백만원
"2014","청과","과일","청 주","청주청과","13099","27656",톤, 백만원
"2014","청과","과일","청 주","충북원예농협청주(공)","14328","31784",톤, 백만원
"2014","청과","과일","충 주","중원청과","2578","5040",톤, 백만원
"2014","청과","과일","충 주","충주원예농협충주(공)","9748","21271",톤, 백만원
"2014","청과","과일","천 안","천안청과","16127","34966",톤, 백만원
"2014","청과","과일","천 안","천안농협(공)","10438","22147",톤, 백만원
"2014","청과","과일","전 주","전주청과","10517","21888",톤, 백만원
"2014","청과","과일","전 주","전주원예농협(공)","10598","21326",톤, 백만원
"2014","청과","과일","익 산","이리청과","3486","7629",톤, 백만원
"2014","청과","과일","익 산","익산원예농협(공)","9805","22607",톤, 백만원
"2014","청과","과일","정 읍","정일청과","4538","8519",톤, 백만원
"2014","청과","과일","정 읍","정읍원예농협(공)","2174","3971",톤, 백만원
"2014","청과","과일","순 천","남도청과","7998","16345",톤, 백만원
"2014","청과","과일","순 천","남일청과","5637","11143",톤, 백만원
"2014","청과","과일","순 천","순천원예농협(공)","8360","16604",톤, 백만원
"2014","청과","과일","포 항","포항청과","7964","16915",톤, 백만원
"2014","청과","과일","포 항","대구경북능금농협포항(공)","6028","13447",톤, 백만원
"2014","청과","과일","포 항","포항농협(공)","3188","5444",톤, 백만원
"2014","청과","과일","안 동","안동청과","45587","94363",톤, 백만원
"2014","청과","과일","안 동","안동농협(공)","50232","99870",톤, 백만원
"2014","청과","과일","구 미","구미중앙청과","4596","8242",톤, 백만원
"2014","청과","과일","구 미","구미농협(공)","6014","11458",톤, 백만원
"2014","청과","과일","창원팔용","창원청과","9193","19165",톤, 백만원
"2014","청과","과일","창원팔용","농협창원(공)","10971","22839",톤, 백만원
"2014","청과","과일","창원내서","마산청과","11636","25273",톤, 백만원
"2014","청과","과일","창원내서","창원원예농협(공)","9553","17880",톤, 백만원
"2014","청과","과일","진 주","진주중앙청과","8920","17713",톤, 백만원
"2014","청과","과일","진 주","진주원예농협(공)","12134","25503",톤, 백만원
"2014","수산","수산","서울가락","강동수산","42971","147156",톤, 백만원
"2014","수산","수산","서울가락","서울건해","21053","159713",톤, 백만원
"2014","수산","수산","서울가락","수협가락(공)","25789","84301",톤, 백만원
"2014","수산","수산","서울가락","상장예외","12801","74724",톤, 백만원
"2014","수산","수산","부산국제","부산감천항수산","11897","38591",톤, 백만원
"2014","수산","수산","부산국제","삼성아이에프엠","42381","67529",톤, 백만원
"2014","수산","수산","부산국제","부산수산물(공)","45843","90241",톤, 백만원
"2014","수산","수산","부산국제","상장예외","130","507",톤, 백만원
"2014","수산","수산","대구북부","대구수산","4555","18123",톤, 백만원
"2014","수산","수산","대구북부","대구종합수산","6586","27540",톤, 백만원
"2014","수산","수산","대구북부","대구신화수산","4831","25122",톤, 백만원
"2014","수산","수산","광주서부","수협광주(공)","4116","26977",톤, 백만원
"2014","청과","채소","충 주","중원청과","9684","10651",톤, 백만원
"2014","청과","채소","충 주","충주원예농협충주(공)","11176","16852",톤, 백만원
"2014","청과","채소","천 안","천안청과","26928","29862",톤, 백만원
"2014","청과","채소","천 안","천안농협(공)","13344","15564",톤, 백만원
"2014","청과","채소","전 주","전주청과","25634","27942",톤, 백만원
"2014","청과","채소","전 주","전주원예농협(공)","34753","39247",톤, 백만원
"2014","청과","채소","익 산","이리청과","5597","6985",톤, 백만원
"2014","청과","채소","익 산","익산원예농협(공)","34931","43617",톤, 백만원
"2014","청과","채소","정 읍","정일청과","9144","10072",톤, 백만원
"2014","청과","채소","정 읍","정읍원예농협(공)","2978","3463",톤, 백만원
"2014","청과","채소","순 천","남도청과","22542","22867",톤, 백만원
"2014","청과","채소","순 천","남일청과","2412","4298",톤, 백만원
"2014","청과","채소","순 천","순천원예농협(공)","31778","33121",톤, 백만원
"2014","청과","채소","포 항","포항청과","4526","8927",톤, 백만원
"2014","청과","채소","포 항","대구경북능금농협포항(공)","3239","5931",톤, 백만원
"2014","청과","채소","포 항","포항농협(공)","1947","2931",톤, 백만원
"2014","청과","채소","안 동","안동청과","5452","6503",톤, 백만원
"2014","청과","채소","안 동","안동농협(공)","10333","13838",톤, 백만원
"2014","청과","채소","구 미","구미중앙청과","4861","6257",톤, 백만원
"2014","청과","채소","구 미","구미농협(공)","8545","10125",톤, 백만원
"2014","청과","채소","창원팔용","창원청과","12703","14585",톤, 백만원
"2014","청과","채소","창원팔용","농협창원(공)","24831","29638",톤, 백만원
"2014","청과","채소","창원내서","마산청과","16502","20119",톤, 백만원
"2014","청과","채소","창원내서","창원원예농협(공)","28315","28787",톤, 백만원
"2014","청과","채소","진 주","진주중앙청과","8592","16287",톤, 백만원
"2014","청과","채소","진 주","진주원예농협(공)","31312","53189",톤, 백만원
"2014","청과","과일","서울가락","서울청과","94911","213297",톤, 백만원
"2014","청과","과일","서울가락","중앙청과","100047","224134",톤, 백만원
"2014","청과","과일","서울가락","동부팜청과","41622","84052",톤, 백만원
"2014","청과","과일","서울가락","한국청과","43210","90464",톤, 백만원
"2014","청과","과일","서울가락","대아청과","0","0",톤, 백만원
"2014","청과","과일","서울가락","농협가락(공)","69755","150155",톤, 백만원
"2014","청과","과일","서울가락","상장예외","11663","42358",톤, 백만원
"2014","청과","과일","서울강서","서부청과","23061","45705",톤, 백만원
"2014","청과","과일","서울강서","강서청과","10653","18987",톤, 백만원
"2014","청과","과일","서울강서","농협강서(공)","21231","42202",톤, 백만원
"2014","청과","과일","서울강서","시장도매인","131612","275330",톤, 백만원
"2014","청과","과일","부산엄궁","부산청과","32416","35194",톤, 백만원
"2014","청과","과일","부산엄궁","항도청과","22610","28350",톤, 백만원
"2014","청과","과일","부산엄궁","농협부산(공)","29026","38092",톤, 백만원
"2014","청과","과일","부산엄궁","상장예외","0","0",톤, 백만원
"2014","청과","과일","부산반여","동부청과","21897","47030",톤, 백만원
"2014","청과","과일","부산반여","부산중앙청과","19199","41327",톤, 백만원
"2014","청과","과일","부산반여","농협반여(공)","23704","50080",톤, 백만원
"2014","청과","과일","부산반여","상장예외","0","0",톤, 백만원
"2014","청과","과일","대구북부","대구중앙청과","24646","51959",톤, 백만원
"2014","청과","과일","대구북부","효성청과","12546","24559",톤, 백만원
"2014","청과","과일","대구북부","대양청과","9515","17045",톤, 백만원
"2014","청과","과일","대구북부","농협북대구(공)","17915","36189",톤, 백만원
"2014","청과","과일","대구북부","대구경북원예농협(공)","6685","12968",톤, 백만원
"2014","청과","과일","대구북부","상장예외","0","0",톤, 백만원
"2014","청과","과일","인천구월","인천농산","11135","23193",톤, 백만원
"2014","청과","과일","인천구월","대인농산","10885","19515",톤, 백만원
"2014","청과","과일","인천구월","덕풍청과","12003","24496",톤, 백만원
"2014","청과","과일","인천구월","인천원예농협구월(공)","10941","20903",톤, 백만원
"2014","청과","과일","인천삼산","부평농산","16012","32973",톤, 백만원
"2014","청과","과일","인천삼산","경인농산","12743","25504",톤, 백만원
"2014","청과","과일","인천삼산","인천원예농협삼산(공)","14029","27968",톤, 백만원
"2014","청과","과일","광주각화","광주청과","14857","28970",톤, 백만원
"2014","청과","과일","광주각화","광주중앙청과","8762","15339",톤, 백만원
"2014","청과","과일","광주각화","광주원예농협(공)","27476","53190",톤, 백만원
"2014","청과","과일","광주서부","두레청과","23866","49366",톤, 백만원
"2014","청과","과일","광주서부","호남청과","24239","50933",톤, 백만원
"2014","청과","과일","광주서부","농협광주(공)","18382","39423",톤, 백만원
"2014","청과","채소","서울가락","서울청과","278280","444278",톤, 백만원
"2014","청과","채소","서울가락","중앙청과","248644","437463",톤, 백만원
"2014","청과","채소","서울가락","동부팜청과","336423","496000",톤, 백만원
"2014","청과","채소","서울가락","한국청과","395701","509720",톤, 백만원
"2014","청과","채소","서울가락","대아청과","421795","193943",톤, 백만원
"2014","청과","채소","서울가락","농협가락(공)","148959","285778",톤, 백만원
"2014","청과","채소","서울가락","상장예외","225077","429361",톤, 백만원
"2014","청과","채소","서울강서","서부청과","94695","98298",톤, 백만원
"2014","청과","채소","서울강서","강서청과","68172","64958",톤, 백만원
"2014","청과","채소","서울강서","농협강서(공)","89441","92174",톤, 백만원
"2014","청과","채소","서울강서","시장도매인","189740","254096",톤, 백만원
"2014","청과","채소","부산엄궁","부산청과","50873","75414",톤, 백만원
"2014","청과","채소","부산엄궁","항도청과","57069","83154",톤, 백만원
"2014","청과","채소","부산엄궁","농협부산(공)","82083","126842",톤, 백만원
"2014","청과","채소","부산엄궁","상장예외","144207","62090",톤, 백만원
"2014","청과","채소","부산반여","동부청과","54080","68017",톤, 백만원
"2014","청과","채소","부산반여","부산중앙청과","48068","69411",톤, 백만원
"2014","청과","채소","부산반여","농협반여(공)","61222","96152",톤, 백만원
"2014","청과","채소","부산반여","상장예외","64229","42191",톤, 백만원
"2014","청과","채소","대구북부","대구중앙청과","70032","118601",톤, 백만원
"2014","청과","채소","대구북부","효성청과","113927","123805",톤, 백만원
"2014","청과","채소","대구북부","대양청과","99335","110095",톤, 백만원
"2014","청과","채소","대구북부","농협북대구(공)","45614","67388",톤, 백만원
"2014","청과","채소","대구북부","대구경북원예농협(공)","41335","29870",톤, 백만원
"2014","청과","채소","대구북부","상장예외","95191","53092",톤, 백만원
"2014","청과","채소","인천구월","인천농산","59293","59813",톤, 백만원
"2014","청과","채소","인천구월","대인농산","42120","46917",톤, 백만원
"2014","청과","채소","인천구월","덕풍청과","29689","33596",톤, 백만원
"2014","청과","채소","인천구월","인천원예농협구월(공)","33907","36066",톤, 백만원
"2014","청과","채소","인천삼산","부평농산","59848","54467",톤, 백만원
"2014","청과","채소","인천삼산","경인농산","59791","61710",톤, 백만원
"2014","청과","채소","인천삼산","인천원예농협삼산(공)","54349","61741",톤, 백만원
"2014","청과","채소","광주각화","광주청과","45425","56757",톤, 백만원
"2014","청과","채소","광주각화","광주중앙청과","63400","83563",톤, 백만원
"2014","청과","채소","광주각화","광주원예농협(공)","82124","89815",톤, 백만원
"2014","청과","채소","광주서부","두레청과","48698","62285",톤, 백만원
"2014","청과","채소","광주서부","호남청과","58407","70172",톤, 백만원
"2014","청과","채소","광주서부","농협광주(공)","57721","77401",톤, 백만원
"2014","청과","채소","대전오정","대전청과","88362","90427",톤, 백만원
"2014","청과","채소","대전오정","농협대전(공)","114754","147399",톤, 백만원
"2014","청과","채소","대전노은","대전중앙청과","84088","87180",톤, 백만원
"2014","청과","채소","대전노은","대전원예농협노은(공)","26463","35304",톤, 백만원
"2014","청과","채소","울 산","울산중앙청과","36183","39205",톤, 백만원
"2014","청과","채소","울 산","울산원예농협(공)","21062","28015",톤, 백만원
"2014","청과","채소","수 원","수원청과","29737","31704",톤, 백만원
"2014","청과","채소","수 원","경기청과","32628","35921",톤, 백만원
"2014","청과","채소","수 원","수원원예농협(공)","26342","23486",톤, 백만원
"2014","청과","채소","수 원","상장예외","2051","5602",톤, 백만원
"2014","청과","채소","안 양","태 원","18054","20179",톤, 백만원
"2014","청과","채소","안 양","안양청과(주)","1246","1072",톤, 백만원
"2014","청과","채소","안 양","안양원예농협(공)","24079","25330",톤, 백만원
"2014","청과","채소","안 산","안산농산물","31728","28185",톤, 백만원
"2014","청과","채소","안 산","농협안산(공)","41198","45546",톤, 백만원
"2014","청과","채소","구 리","구리청과","103023","122442",톤, 백만원
"2014","청과","채소","구 리","인터넷청과","94457","99124",톤, 백만원
"2014","청과","채소","구 리","농협구리(공)","96570","99251",톤, 백만원
"2014","청과","채소","구 리","상장예외","19152","49381",톤, 백만원
"2014","청과","채소","춘 천","춘천중앙청과","4625","7270",톤, 백만원
"2014","청과","채소","춘 천","춘천원예농협(공)","4935","7735",톤, 백만원
"2014","청과","채소","원 주","합동청과","11278","12679",톤, 백만원
"2014","청과","채소","원 주","원주원예농협(공)","9897","12966",톤, 백만원
"2014","청과","채소","강 릉","강릉농산물","15461","23487",톤, 백만원
"2014","청과","채소","청 주","청주청과","41043","48222",톤, 백만원
"2014","청과","채소","청 주","충북원예농협청주(공)","31896","37323",톤, 백만원
"2013","청과","채소","서울가락","서울청과","262543","471931",톤, 백만원
"2013","청과","채소","서울가락","중앙청과","230951","461364",톤, 백만원
"2013","청과","채소","서울가락","동부팜청과(구,동화청과)","293685","502045",톤, 백만원
"2013","청과","채소","서울가락","한국청과","370850","560678",톤, 백만원
"2013","청과","채소","서울가락","대아청과","458433","311011",톤, 백만원
"2013","청과","채소","서울가락","농협가락(공)","138390","285903",톤, 백만원
"2013","청과","채소","서울가락","상장예외","219264","456.689",톤, 백만원
"2013","청과","채소","서울강서","서부청과","97483","119287",톤, 백만원
"2013","청과","채소","서울강서","강서청과","66653","76869",톤, 백만원
"2013","청과","채소","서울강서","농협강서(공)","86665","104121",톤, 백만원
"2013","청과","채소","서울강서","시장도매인","165247","277380",톤, 백만원
"2013","청과","채소","부산엄궁","부산청과","53063","71022",톤, 백만원
"2013","청과","채소","부산엄궁","항도청과","56516","79809",톤, 백만원
"2013","청과","채소","부산엄궁","농협부산(공)","80439","120886",톤, 백만원
"2013","청과","채소","부산엄궁","상장예외","145007","87089",톤, 백만원
"2013","청과","채소","부산반여","동부청과","49869","73546",톤, 백만원
"2013","청과","채소","부산반여","부산중앙청과","43585","69617",톤, 백만원
"2013","청과","채소","부산반여","농협반여(공)","59182","101339",톤, 백만원
"2013","청과","채소","부산반여","상장예외","60062","51391",톤, 백만원
"2013","청과","채소","대구북부","대구중앙청과","69756","119358",톤, 백만원
"2013","청과","채소","대구북부","효성청과","111850","133663",톤, 백만원
"2013","청과","채소","대구북부","대양청과","93983","177188",톤, 백만원
"2013","청과","채소","대구북부","농협북대구(공)","32988","66717",톤, 백만원
"2013","청과","채소","대구북부","대구경북원협(공)","36421","35394",톤, 백만원
"2013","청과","채소","대구북부","상장예외","83083","62326",톤, 백만원
"2013","청과","채소","인천구월","인천농산","60351","72999",톤, 백만원
"2013","청과","채소","인천구월","대인농산","35476","42137",톤, 백만원
"2013","청과","채소","인천구월","덕풍청과","29005","36451",톤, 백만원
"2013","청과","채소","인천구월","인천구월(공)","35214","44845",톤, 백만원
"2013","청과","채소","인천삼산","부평농산","58842","64625",톤, 백만원
"2013","청과","채소","인천삼산","경인농산","59945","72861",톤, 백만원
"2013","청과","채소","인천삼산","인천삼산(공)","54360","71957",톤, 백만원
"2013","청과","채소","광주각화","광주청과","44225","59697",톤, 백만원
"2013","청과","채소","광주각화","광주중앙청과","64677","90588",톤, 백만원
"2013","청과","채소","광주각화","광주원협(공)","79938","98517",톤, 백만원
"2013","청과","채소","광주서부","두레청과","46856","62482",톤, 백만원
"2013","청과","채소","광주서부","호남청과","55452","69966",톤, 백만원
"2013","청과","채소","광주서부","농협광주(공)","51406","78002",톤, 백만원
"2013","청과","채소","대전오정","대전청과","83904","102019",톤, 백만원
"2013","청과","채소","대전오정","농협대전(공)","105833","139036",톤, 백만원
"2013","청과","채소","대전노은","대전중앙청과","84486","102244",톤, 백만원
"2013","청과","채소","대전노은","대전원협(공)","27994","36397",톤, 백만원
"2013","청과","채소","울 산","울산중앙청과","33420","43791",톤, 백만원
"2013","청과","채소","울 산","울산배원협(공)","27100","43857",톤, 백만원
"2013","청과","채소","수 원","수원청과","29227","36324",톤, 백만원
"2013","청과","채소","수 원","경기청과","31680","39722",톤, 백만원
"2013","청과","채소","수 원","수원원협(공)","25570","29102",톤, 백만원
"2013","청과","채소","수 원","상장예외","2662","7823",톤, 백만원
"2013","청과","채소","안 양","태원","15900","21856",톤, 백만원
"2013","청과","채소","안 양","안양원협(공)","22010","34796",톤, 백만원
"2013","청과","채소","안 양","안양청과","2153","2554",톤, 백만원
"2013","청과","채소","안 산","안산농산물","28112","29751",톤, 백만원
"2013","청과","채소","안 산","농협안산(공)","36075","46719",톤, 백만원
"2013","청과","채소","구 리","구리청과","98561","141649",톤, 백만원
"2013","청과","채소","구 리","인터넷청과","88383","112025",톤, 백만원
"2013","청과","채소","구 리","농협구리(공)","84060","109689",톤, 백만원
"2013","청과","채소","구 리","상장예외","17838","44875",톤, 백만원
"2013","청과","채소","춘 천","춘천중앙청과","5132","8736",톤, 백만원
"2013","청과","채소","춘 천","춘천원협(공)","5085","8846",톤, 백만원
"2013","청과","채소","춘 천","상장예외","0","0",톤, 백만원
"2013","청과","채소","원 주","합동청과","11204","15735",톤, 백만원
"2013","청과","채소","원 주","원주원협(공)","9844","14814",톤, 백만원
"2013","청과","채소","강 릉","강릉농산물","14690","22404",톤, 백만원
"2013","청과","채소","청 주","청주청과","40876","55538",톤, 백만원
"2013","청과","채소","청 주","충북사과청주(공)","30171","41245",톤, 백만원
"2013","청과","채소","충 주","중원청과","9527","11532",톤, 백만원
"2013","청과","채소","충 주","충주원협충주(공)","10768","19102",톤, 백만원
"2013","청과","채소","천 안","천안청과","29012","38058",톤, 백만원
"2013","청과","채소","천 안","천안농협(공)","14522","16922",톤, 백만원
"2013","청과","채소","전 주","전주청과","22101","28347",톤, 백만원
"2013","청과","채소","전 주","전주원협(공)","32513","42904",톤, 백만원
"2013","청과","채소","익 산","이리청과","6635","8705",톤, 백만원
"2013","청과","채소","익 산","익산원협(공)","33211","46546",톤, 백만원
"2013","청과","채소","정 읍","정일청과","9225","11717",톤, 백만원
"2013","청과","채소","정 읍","정읍원협(공)","3239","4366",톤, 백만원
"2013","청과","채소","순 천","남도청과","24222","27272",톤, 백만원
"2013","청과","채소","순 천","남일청과1)","2297","4796",톤, 백만원
"2013","청과","채소","순 천","순천원협(공)","30212","38395",톤, 백만원
"2013","청과","채소","포 항","포항청과","4815","10417",톤, 백만원
"2013","청과","채소","포 항","경북능금원협(공)","2742","6156",톤, 백만원
"2013","청과","채소","포 항","포항농협(공)","2063","3733",톤, 백만원
"2013","청과","채소","안 동","안동청과","4917","6627",톤, 백만원
"2013","청과","채소","안 동","안동농협(공)","9888","13770",톤, 백만원
"2013","청과","채소","구 미","구미중앙청과","5421","7621",톤, 백만원
"2013","청과","채소","구 미","구미농협(공)","7929","10570",톤, 백만원
"2013","청과","채소","창원팔용","창원청과(구,경남청과)","11427","13305",톤, 백만원
"2013","청과","채소","창원팔용","농협창원(공)","22223","31598",톤, 백만원
"2013","청과","채소","창원내서","마산청과","15172","20420",톤, 백만원
"2013","청과","채소","창원내서","창원원협(공)2)","30384","33002",톤, 백만원
"2013","청과","채소","진 주","진주중앙청과","8380","17557",톤, 백만원
"2013","청과","채소","진 주","진주농협(공)","31998","56490",톤, 백만원
"2013","청과","과일","서울가락","서울청과","89972","218263",톤, 백만원
"2013","청과","과일","서울가락","중앙청과","96011","237479",톤, 백만원
"2013","청과","과일","서울가락","동부팜청과(구,동화청과)","38405","84683",톤, 백만원
"2013","청과","과일","서울가락","한국청과","40014","91895",톤, 백만원
"2013","청과","과일","서울가락","대아청과","0","0",톤, 백만원
"2013","청과","과일","서울가락","농협가락(공)","65015","155711",톤, 백만원
"2013","청과","과일","서울가락","상장예외","9123","38.181",톤, 백만원
"2013","청과","과일","서울강서","서부청과","22946","53518",톤, 백만원
"2013","청과","과일","서울강서","강서청과","8886","19005",톤, 백만원
"2013","청과","과일","서울강서","농협강서(공)","19145","42898",톤, 백만원
"2013","청과","과일","서울강서","시장도매인","112449","256488",톤, 백만원
"2013","청과","과일","부산엄궁","부산청과","19389","42068",톤, 백만원
"2013","청과","과일","부산엄궁","항도청과","14938","31495",톤, 백만원
"2013","청과","과일","부산엄궁","농협부산(공)","17946","42331",톤, 백만원
"2013","청과","과일","부산엄궁","상장예외","0","0",톤, 백만원
"2013","청과","과일","부산반여","동부청과","15309","39849",톤, 백만원
"2013","청과","과일","부산반여","부산중앙청과","19153","40493",톤, 백만원
"2013","청과","과일","부산반여","농협반여(공)","22323","44209",톤, 백만원
"2013","청과","과일","부산반여","상장예외","0","0",톤, 백만원
"2013","청과","과일","대구북부","대구중앙청과","24772","55411",톤, 백만원
"2013","청과","과일","대구북부","효성청과","11695","23990",톤, 백만원
"2013","청과","과일","대구북부","대양청과","8950","17538",톤, 백만원
"2013","청과","과일","대구북부","농협북대구(공)","17407","36467",톤, 백만원
"2013","청과","과일","대구북부","대구경북원협(공)","6698","13801",톤, 백만원
"2013","청과","과일","대구북부","상장예외","0","0",톤, 백만원
"2013","청과","과일","인천구월","인천농산","10841","24581",톤, 백만원
"2013","청과","과일","인천구월","대인농산","14907","29620",톤, 백만원
"2013","청과","과일","인천구월","덕풍청과","11135","25518",톤, 백만원
"2013","청과","과일","인천구월","인천구월(공)","10729","23195",톤, 백만원
"2013","청과","과일","인천삼산","부평농산","15086","34181",톤, 백만원
"2013","청과","과일","인천삼산","경인농산","12254","26478",톤, 백만원
"2013","청과","과일","인천삼산","인천삼산(공)","13483","29568",톤, 백만원
"2013","청과","과일","광주각화","광주청과","12099","27117",톤, 백만원
"2013","청과","과일","광주각화","광주중앙청과","8445","17042",톤, 백만원
"2013","청과","과일","광주각화","광주원협(공)","25534","58357",톤, 백만원
"2013","청과","과일","광주서부","두레청과","24127","56137",톤, 백만원
"2013","청과","과일","광주서부","호남청과","24768","60188",톤, 백만원
"2013","청과","과일","광주서부","농협광주(공)","17511","41622",톤, 백만원
"2013","청과","과일","대전오정","대전청과","19463","45556",톤, 백만원
"2013","청과","과일","대전오정","농협대전(공)","23927","69340",톤, 백만원
"2013","청과","과일","대전노은","대전중앙청과","18093","43109",톤, 백만원
"2013","청과","과일","대전노은","대전원협(공)","27054","26050",톤, 백만원
"2013","청과","과일","울 산","울산중앙청과","9806","21928",톤, 백만원
"2013","청과","과일","울 산","울산배원협(공)","13255","30374",톤, 백만원
"2013","청과","과일","수 원","수원청과","8161","19492",톤, 백만원
"2013","청과","과일","수 원","경기청과","11618","25639",톤, 백만원
"2013","청과","과일","수 원","수원원협(공)","6350","14217",톤, 백만원
"2013","청과","과일","수 원","상장예외","0","0",톤, 백만원
"2013","청과","과일","안 양","태원","4985","12246",톤, 백만원
"2013","청과","과일","안 양","안양원협(공)","15724","31267",톤, 백만원
"2013","청과","과일","안 양","안양청과","3252","6039",톤, 백만원
"2013","청과","과일","안 산","안산농산물","6895","14831",톤, 백만원
"2013","청과","과일","안 산","농협안산(공)","12662","28566",톤, 백만원
"2013","청과","과일","구 리","구리청과","35812","82659",톤, 백만원
"2013","청과","과일","구 리","인터넷청과","23061","52737",톤, 백만원
"2013","청과","과일","구 리","농협구리(공)","29471","65455",톤, 백만원
"2013","청과","과일","구 리","상장예외","62","261",톤, 백만원
"2013","청과","과일","춘 천","춘천중앙청과","3064","6929",톤, 백만원
"2013","청과","과일","춘 천","춘천원협(공)","2904","6881",톤, 백만원
"2013","청과","과일","춘 천","상장예외","0","0",톤, 백만원
"2013","청과","과일","원 주","합동청과","6350","14342",톤, 백만원
"2013","청과","과일","원 주","원주원협(공)","6681","15802",톤, 백만원
"2013","청과","과일","강 릉","강릉농산물","5313","12848",톤, 백만원
"2013","청과","과일","청 주","청주청과","12314","37660",톤, 백만원
"2013","청과","과일","청 주","충북사과청주(공)","12119","28144",톤, 백만원
"2013","청과","과일","충 주","중원청과","2363","5034",톤, 백만원
"2013","청과","과일","충 주","충주원협충주(공)","9199","22331",톤, 백만원
"2013","청과","과일","천 안","천안청과","16326","37107",톤, 백만원
"2013","청과","과일","천 안","천안농협(공)","9556","22372",톤, 백만원
"2013","청과","과일","전 주","전주청과","8816","20819",톤, 백만원
"2013","청과","과일","전 주","전주원협(공)","10199","23440",톤, 백만원
"2013","청과","과일","익 산","이리청과","3830","8401",톤, 백만원
"2013","청과","과일","익 산","익산원협(공)","8837","22194",톤, 백만원
"2013","청과","과일","정 읍","정일청과","4004","8846",톤, 백만원
"2013","청과","과일","정 읍","정읍원협(공)","2061","4761",톤, 백만원
"2013","청과","과일","순 천","남도청과","8386","18823",톤, 백만원
"2013","청과","과일","순 천","남일청과1)","5374","11667",톤, 백만원
"2013","청과","과일","순 천","순천원협(공)","8498","18629",톤, 백만원
"2013","청과","과일","포 항","포항청과","8029","18484",톤, 백만원
"2013","청과","과일","포 항","경북능금원협(공)","6043","14199",톤, 백만원
"2013","청과","과일","포 항","포항농협(공)","3378","6431",톤, 백만원
"2013","청과","과일","안 동","안동청과","42293","88874",톤, 백만원
"2013","청과","과일","안 동","안동농협(공)","44366","91050",톤, 백만원
"2013","청과","과일","구 미","구미중앙청과","4209","8703",톤, 백만원
"2013","청과","과일","구 미","구미농협(공)","5527","11731",톤, 백만원
"2013","청과","과일","창원팔용","창원청과(구,경남청과)","8514","20108",톤, 백만원
"2013","청과","과일","창원팔용","농협창원(공)","10043","23112",톤, 백만원
"2013","청과","과일","창원내서","마산청과","10438","25373",톤, 백만원
"2013","청과","과일","창원내서","창원원협(공)2)","8353","19538",톤, 백만원
"2013","청과","과일","진 주","진주중앙청과","8227","18770",톤, 백만원
"2013","청과","과일","진 주","진주농협(공)","11799","28674",톤, 백만원
"2013","청과(친환경)","채소","서울가락","서울청과","21961","65093",톤, 백만원
"2013","청과(친환경)","채소","서울가락","중앙청과","23743","69586",톤, 백만원
"2013","청과(친환경)","채소","서울가락","동부팜청과(구,동화청과)","19629","45971",톤, 백만원
"2013","청과(친환경)","채소","서울가락","한국청과","19220","42984",톤, 백만원
"2013","청과(친환경)","채소","서울가락","대아청과","167","77",톤, 백만원
"2013","청과(친환경)","채소","서울가락","농협가락(공)","14355","32415",톤, 백만원
"2013","청과(친환경)","채소","서울가락","상장예외","0","0",톤, 백만원
"2013","청과(친환경)","채소","서울강서","서부청과","2213","7002",톤, 백만원
"2013","청과(친환경)","채소","서울강서","강서청과","2656","3425",톤, 백만원
"2013","청과(친환경)","채소","서울강서","농협강서(공)","3637","10259",톤, 백만원
"2013","청과(친환경)","채소","서울강서","시장도매인","3342","12992",톤, 백만원
"2013","청과(친환경)","채소","부산엄궁","부산청과","709","1614",톤, 백만원
"2013","청과(친환경)","채소","부산엄궁","항도청과","3188","7176",톤, 백만원
"2013","청과(친환경)","채소","부산엄궁","농협부산(공)","2680","6426",톤, 백만원
"2013","청과(친환경)","채소","부산엄궁","상장예외","0","0",톤, 백만원
"2013","청과(친환경)","채소","부산반여","동부청과","4338","11623",톤, 백만원
"2013","청과(친환경)","채소","부산반여","부산중앙청과","42","115",톤, 백만원
"2013","청과(친환경)","채소","부산반여","농협반여(공)","214","649",톤, 백만원
"2013","청과(친환경)","채소","부산반여","상장예외","0","0",톤, 백만원
"2013","청과(친환경)","채소","대구북부","대구중앙청과","5613","13082",톤, 백만원
"2013","청과(친환경)","채소","대구북부","효성청과","7132","16208",톤, 백만원
"2013","청과(친환경)","채소","대구북부","대양청과","5360","12574",톤, 백만원
"2013","청과(친환경)","채소","대구북부","농협북대구(공)","6126","14989",톤, 백만원
"2013","청과(친환경)","채소","대구북부","대구경북원협(공)","38","28",톤, 백만원
"2013","청과(친환경)","채소","대구북부","상장예외","0","0",톤, 백만원
"2013","청과(친환경)","채소","인천구월","인천농산","3434","8115",톤, 백만원
"2013","청과(친환경)","채소","인천구월","대인농산","6554","10466",톤, 백만원
"2013","청과(친환경)","채소","인천구월","덕풍청과","515","1253",톤, 백만원
"2013","청과(친환경)","채소","인천구월","인천구월(공)","1401","2842",톤, 백만원
"2013","청과(친환경)","채소","인천삼산","부평농산","919","2099",톤, 백만원
"2013","청과(친환경)","채소","인천삼산","경인농산","391","1021",톤, 백만원
"2013","청과(친환경)","채소","인천삼산","인천삼산(공)","1887","3773",톤, 백만원
"2013","청과(친환경)","채소","광주각화","광주청과","1130","2839",톤, 백만원
"2013","청과(친환경)","채소","광주각화","광주중앙청과","3951","8087",톤, 백만원
"2013","청과(친환경)","채소","광주각화","광주원협(공)","157","404",톤, 백만원
"2013","청과(친환경)","채소","광주서부","두레청과","2364","7362",톤, 백만원
"2013","청과(친환경)","채소","광주서부","호남청과1)","2251","4781",톤, 백만원
"2013","청과(친환경)","채소","광주서부","농협광주(공)","315","1109",톤, 백만원
"2013","청과(친환경)","채소","대전오정","대전청과","1598","3751",톤, 백만원
"2013","청과(친환경)","채소","대전오정","농협대전(공)","1631","4049",톤, 백만원
"2013","청과(친환경)","채소","대전노은","대전중앙청과2)","2911","7259",톤, 백만원
"2013","청과(친환경)","채소","대전노은","대전원협(공)","912","2356",톤, 백만원
"2013","청과(친환경)","채소","울 산","울산중앙청과","0","0",톤, 백만원
"2013","청과(친환경)","채소","울 산","울산배원협(공)","1351","2787",톤, 백만원
"2013","청과(친환경)","채소","수 원","수원청과","1740","3934",톤, 백만원
"2013","청과(친환경)","채소","수 원","경기청과","7460","4127",톤, 백만원
"2013","청과(친환경)","채소","수 원","수 원 원 협(공)","358","887",톤, 백만원
"2013","청과(친환경)","채소","수 원","상장예외","0","0",톤, 백만원
"2013","청과(친환경)","채소","안 양","태원","1517","2108",톤, 백만원
"2013","청과(친환경)","채소","안 양","안 양 원 협(공)","1014","3858",톤, 백만원
"2013","청과(친환경)","채소","안 양","안 양 청 과","11","69",톤, 백만원
"2013","청과(친환경)","채소","안 산","안산농산물","799","2100",톤, 백만원
"2013","청과(친환경)","채소","안 산","농협안산(공)","756","1636",톤, 백만원
"2013","청과(친환경)","채소","구 리","구리청과","3441","8799",톤, 백만원
"2013","청과(친환경)","채소","구 리","인터넷청과","3731","11798",톤, 백만원
"2013","청과(친환경)","채소","구 리","농 협 구 리(공)","1163","3754",톤, 백만원
"2013","청과(친환경)","채소","구 리","상장예외","0","0",톤, 백만원
"2013","청과(친환경)","채소","춘 천","춘천중앙청과","101","274",톤, 백만원
"2013","청과(친환경)","채소","춘 천","춘 천 원 협(공)","30","40",톤, 백만원
"2013","청과(친환경)","채소","춘 천","상장예외","0","0",톤, 백만원
"2013","청과(친환경)","채소","원 주","합동청과","902","2806",톤, 백만원
"2013","청과(친환경)","채소","원 주","원 주 원 협(공)","868","1909",톤, 백만원
"2013","청과(친환경)","채소","강 릉","강릉농산물","852","1706",톤, 백만원
"2013","청과(친환경)","채소","청 주","청주청과","192","797",톤, 백만원
"2013","청과(친환경)","채소","청 주","충북사과청주(공)","531","1422",톤, 백만원
"2013","청과(친환경)","채소","충 주","중원청과(충주)","131","302",톤, 백만원
"2013","청과(친환경)","채소","충 주","충주원협충주(공)","327","811",톤, 백만원
"2013","청과(친환경)","채소","천 안","천안청과","448","2271",톤, 백만원
"2013","청과(친환경)","채소","천 안","천안농협(공)","1018","3742",톤, 백만원
"2013","청과(친환경)","채소","전 주","전주청과","71","197",톤, 백만원
"2013","청과(친환경)","채소","전 주","전주원협(공)","336","848",톤, 백만원
"2013","청과(친환경)","채소","익 산","이리청과","0","0",톤, 백만원
"2013","청과(친환경)","채소","익 산","익산원협(공)","1911","5102",톤, 백만원
"2013","청과(친환경)","채소","정 읍","정일청과","520","1689",톤, 백만원
"2013","청과(친환경)","채소","정 읍","정읍원협(공)","68","383",톤, 백만원
"2013","청과(친환경)","채소","순 천","남도청과","1036","2208",톤, 백만원
"2013","청과(친환경)","채소","순 천","남일청과","94","238",톤, 백만원
"2013","청과(친환경)","채소","순 천","순천원협(공)","770","2507",톤, 백만원
"2013","청과(친환경)","채소","포 항","포항청과","390","1520",톤, 백만원
"2013","청과(친환경)","채소","포 항","경북능금원협(공)","418","1795",톤, 백만원
"2013","청과(친환경)","채소","포 항","포항농협(공)","491","1386",톤, 백만원
"2013","청과(친환경)","채소","안 동","안동청과","198","367",톤, 백만원
"2013","청과(친환경)","채소","안 동","안동농협(공)","113","663",톤, 백만원
"2013","청과(친환경)","채소","구 미","구미중앙청과","54","74",톤, 백만원
"2013","청과(친환경)","채소","구 미","구미농협(공)","479","1695",톤, 백만원
"2013","청과(친환경)","채소","창원팔용","창원청과(구,경남청과)","258","193",톤, 백만원
"2013","청과(친환경)","채소","창원팔용","농협창원(공)","475","1133",톤, 백만원
"2013","청과(친환경)","채소","창원내서","마산청과","344","866",톤, 백만원
"2013","청과(친환경)","채소","창원내서","창원원협(공)","444","1308",톤, 백만원
"2013","청과(친환경)","채소","진 주","진주중앙청과","1004","2244",톤, 백만원
"2013","청과(친환경)","채소","진 주","진주농협(공)","424","1341",톤, 백만원
"2013","청과(친환경)","과일","서울가락","서울청과","9264","29463",톤, 백만원
"2013","청과(친환경)","과일","서울가락","중앙청과","8817","29121",톤, 백만원
"2013","청과(친환경)","과일","서울가락","동부팜청과(구,동화청과)","1651","5075",톤, 백만원
"2013","청과(친환경)","과일","서울가락","한국청과","1533","5544",톤, 백만원
"2013","청과(친환경)","과일","서울가락","대아청과","0","0",톤, 백만원
"2013","청과(친환경)","과일","서울가락","농협가락(공)","6787","20264",톤, 백만원
"2013","청과(친환경)","과일","서울가락","상장예외","0","0",톤, 백만원
"2013","청과(친환경)","과일","서울강서","서부청과","1108","3172",톤, 백만원
"2013","청과(친환경)","과일","서울강서","강서청과","854","4567",톤, 백만원
"2013","청과(친환경)","과일","서울강서","농협강서(공)","1130","3409",톤, 백만원
"2013","청과(친환경)","과일","서울강서","시장도매인","1724","9118",톤, 백만원
"2013","청과(친환경)","과일","부산엄궁","부산청과","521","1661",톤, 백만원
"2013","청과(친환경)","과일","부산엄궁","항도청과","16","41",톤, 백만원
"2013","청과(친환경)","과일","부산엄궁","농협부산(공)","90","317",톤, 백만원
"2013","청과(친환경)","과일","부산엄궁","상장예외","0","0",톤, 백만원
"2013","청과(친환경)","과일","부산반여","동부청과","1982","5378",톤, 백만원
"2013","청과(친환경)","과일","부산반여","부산중앙청과","88","288",톤, 백만원
"2013","청과(친환경)","과일","부산반여","농협반여(공)","260","725",톤, 백만원
"2013","청과(친환경)","과일","부산반여","상장예외","0","0",톤, 백만원
"2013","청과(친환경)","과일","대구북부","대구중앙청과","1345","3866",톤, 백만원
"2013","청과(친환경)","과일","대구북부","효성청과","109","420",톤, 백만원
"2013","청과(친환경)","과일","대구북부","대양청과","665","1509",톤, 백만원
"2013","청과(친환경)","과일","대구북부","농협북대구(공)","583","1606",톤, 백만원
"2013","청과(친환경)","과일","대구북부","대구경북원협(공)","24","64",톤, 백만원
"2013","청과(친환경)","과일","대구북부","상장예외","0","0",톤, 백만원
"2013","청과(친환경)","과일","인천구월","인천농산","2868","8167",톤, 백만원
"2013","청과(친환경)","과일","인천구월","대인농산","3435","7255",톤, 백만원
"2013","청과(친환경)","과일","인천구월","덕풍청과","698","2040",톤, 백만원
"2013","청과(친환경)","과일","인천구월","인천구월(공)","9","25",톤, 백만원
"2013","청과(친환경)","과일","인천삼산","부평농산","1054","3055",톤, 백만원
"2013","청과(친환경)","과일","인천삼산","경인농산","491","1327",톤, 백만원
"2013","청과(친환경)","과일","인천삼산","인천삼산(공)","1623","4148",톤, 백만원
"2013","청과(친환경)","과일","광주각화","광주청과","1239","3433",톤, 백만원
"2013","청과(친환경)","과일","광주각화","광주중앙청과","0","0",톤, 백만원
"2013","청과(친환경)","과일","광주각화","광주원협(공)","126","358",톤, 백만원
"2013","청과(친환경)","과일","광주서부","두레청과","1678","4821",톤, 백만원
"2013","청과(친환경)","과일","광주서부","호남청과1)","1475","4460",톤, 백만원
"2013","청과(친환경)","과일","광주서부","농협광주(공)","318","771",톤, 백만원
"2013","청과(친환경)","과일","대전오정","대전청과","119","389",톤, 백만원
"2013","청과(친환경)","과일","대전오정","농협대전(공)","102","302",톤, 백만원
"2013","청과(친환경)","과일","대전노은","대전중앙청과2)","1620","4830",톤, 백만원
"2013","청과(친환경)","과일","대전노은","대전원협(공)","397","1105",톤, 백만원
"2013","청과(친환경)","과일","울 산","울산중앙청과","2110","3071",톤, 백만원
"2013","청과(친환경)","과일","울 산","울산배원협(공)","456","1248",톤, 백만원
"2013","청과(친환경)","과일","수 원","수원청과","1546","4391",톤, 백만원
"2013","청과(친환경)","과일","수 원","경기청과","561","1613",톤, 백만원
"2013","청과(친환경)","과일","수 원","수 원 원 협(공)","533","1517",톤, 백만원
"2013","청과(친환경)","과일","수 원","상장예외","0","0",톤, 백만원
"2013","청과(친환경)","과일","안 양","태원","399","1043",톤, 백만원
"2013","청과(친환경)","과일","안 양","안 양 원 협(공)","871","1858",톤, 백만원
"2013","청과(친환경)","과일","안 양","안 양 청 과","47","86",톤, 백만원
"2013","청과(친환경)","과일","안 산","안산농산물","360","982",톤, 백만원
"2013","청과(친환경)","과일","안 산","농협안산(공)","9","52",톤, 백만원
"2013","청과(친환경)","과일","구 리","구리청과","2260","6702",톤, 백만원
"2013","청과(친환경)","과일","구 리","인터넷청과","555","1637",톤, 백만원
"2013","청과(친환경)","과일","구 리","농 협 구 리(공)","562","1568",톤, 백만원
"2013","청과(친환경)","과일","구 리","상장예외","0","0",톤, 백만원
"2013","청과(친환경)","과일","춘 천","춘천중앙청과","8","18",톤, 백만원
"2013","청과(친환경)","과일","춘 천","춘 천 원 협(공)","27","96",톤, 백만원
"2013","청과(친환경)","과일","춘 천","상장예외","0","0",톤, 백만원
"2013","청과(친환경)","과일","원 주","합동청과","1032","2975",톤, 백만원
"2013","청과(친환경)","과일","원 주","원 주 원 협(공)","364","1164",톤, 백만원
"2013","청과(친환경)","과일","강 릉","강릉농산물","184","526",톤, 백만원
"2013","청과(친환경)","과일","청 주","청주청과","40","95",톤, 백만원
"2013","청과(친환경)","과일","청 주","충북사과청주(공)","434","1304",톤, 백만원
"2013","청과(친환경)","과일","충 주","중원청과(충주)","251","694",톤, 백만원
"2013","청과(친환경)","과일","충 주","충주원협충주(공)","351","1030",톤, 백만원
"2013","청과(친환경)","과일","천 안","천안청과","605","1895",톤, 백만원
"2013","청과(친환경)","과일","천 안","천안농협(공)","499","1642",톤, 백만원
"2013","청과(친환경)","과일","전 주","전주청과","5","17",톤, 백만원
"2013","청과(친환경)","과일","전 주","전주원협(공)","89","238",톤, 백만원
"2013","청과(친환경)","과일","익 산","이리청과","0","0",톤, 백만원
"2013","청과(친환경)","과일","익 산","익산원협(공)","7","23",톤, 백만원
"2013","청과(친환경)","과일","정 읍","정일청과","580","1556",톤, 백만원
"2013","청과(친환경)","과일","정 읍","정읍원협(공)","25","70",톤, 백만원
"2013","청과(친환경)","과일","순 천","남도청과","62","133",톤, 백만원
"2013","청과(친환경)","과일","순 천","남일청과","193","535",톤, 백만원
"2013","청과(친환경)","과일","순 천","순천원협(공)","826","2432",톤, 백만원
"2013","청과(친환경)","과일","포 항","포항청과","595","1765",톤, 백만원
"2013","청과(친환경)","과일","포 항","경북능금원협(공)","737","2181",톤, 백만원
"2013","청과(친환경)","과일","포 항","포항농협(공)","345","843",톤, 백만원
"2013","청과(친환경)","과일","안 동","안동청과","7195","15182",톤, 백만원
"2013","청과(친환경)","과일","안 동","안동농협(공)","204","525",톤, 백만원
"2013","청과(친환경)","과일","구 미","구미중앙청과","0","0",톤, 백만원
"2013","청과(친환경)","과일","구 미","구미농협(공)","486","1418",톤, 백만원
"2013","청과(친환경)","과일","창원팔용","창원청과(구,경남청과)","600","1937",톤, 백만원
"2013","청과(친환경)","과일","창원팔용","농협창원(공)","209","528",톤, 백만원
"2013","청과(친환경)","과일","창원내서","마산청과","714","2100",톤, 백만원
"2013","청과(친환경)","과일","창원내서","창원원협(공)","281","640",톤, 백만원
"2013","청과(친환경)","과일","진 주","진주중앙청과","433","1122",톤, 백만원
"2013","청과(친환경)","과일","진 주","진주농협(공)","887","1520",톤, 백만원
"2013","수산","수산","서울가락","강동수산","43197","131691",톤, 백만원
"2013","수산","수산","서울가락","서울건해","19462","153440",톤, 백만원
"2013","수산","수산","서울가락","수협가락(공)","25402","77426",톤, 백만원
"2013","수산","수산","서울가락","상장예외","11977","63530",톤, 백만원
"2013","수산","수산","부산국제","부산감천항수산","8414","30622",톤, 백만원
"2013","수산","수산","부산국제","(주)삼성아이에프엠","52987","72392",톤, 백만원
"2013","수산","수산","부산국제","(주)부산수산물(공)","40056","80632",톤, 백만원
"2013","수산","수산","부산국제","상장예외","102","483",톤, 백만원
"2013","수산","수산","대구북부","대구수산","3630","15602",톤, 백만원
"2013","수산","수산","대구북부","대구종합수산","6022","22333",톤, 백만원
"2013","수산","수산","대구북부","대구신화수산","4378","21484",톤, 백만원
"2013","수산","수산","광주서부","수협광주(공)","4349","26068",톤, 백만원
"2013","수산","수산","대전오정","대전수산","0","0",톤, 백만원
"2013","수산","수산","대전오정","한밭건해산물","0","0",톤, 백만원
"2013","수산","수산","대전오정","한밭수산","5741","28752",톤, 백만원
"2013","수산","수산","울 산","울산중앙수산","2050","9263",톤, 백만원
"2013","수산","수산","울 산","울산건해산물","367","4092",톤, 백만원
"2013","수산","수산","울 산","울산수협(공)","2685","12211",톤, 백만원
"2013","수산","수산","울 산","상장예외","57","734",톤, 백만원
"2013","수산","수산","수 원","수원수산","3304","11483",톤, 백만원
"2013","수산","수산","수 원","남부수협수원 (공)","5228","13715",톤, 백만원
"2013","수산","수산","안 양","안양평촌수산","8351","31543",톤, 백만원
"2013","수산","수산","안 양","상장예외","0","0",톤, 백만원
"2013","수산","수산","안 산","안산수산","3628","12071",톤, 백만원
"2013","수산","수산","안 산","상장예외","263","960",톤, 백만원
"2013","수산","수산","구 리","강북수산","22207","60877",톤, 백만원
"2013","수산","수산","구 리","수협구리(공)","17629","54480",톤, 백만원
"2013","수산","수산","구 리","상장예외","1066","12773",톤, 백만원
"2013","수산","수산","청 주","청주수산","1280","4163",톤, 백만원
"2013","수산","수산","충 주","중원수산","675","2608",톤, 백만원
"2013","수산","수산","전 주","전주수산","1364","5374",톤, 백만원
"2013","수산","수산","전 주","수협전주(공)","638","4316",톤, 백만원
"2013","수산","수산","익 산","이리수산","1300","4499",톤, 백만원
"2012","청과(친환경)","과일","대구북부","상장예외","0","0",톤, 백만원
"2012","청과(친환경)","과일","인천구월","인천농산","2773","7322",톤, 백만원
"2012","청과(친환경)","과일","인천구월","대인농산","2487","5939",톤, 백만원
"2012","청과(친환경)","과일","인천구월","덕풍청과","670","1860",톤, 백만원
"2012","청과(친환경)","과일","인천구월","인천구월(공)","12","47",톤, 백만원
"2012","청과(친환경)","채소","안 양","안 양 원 협(공)","778","2584",톤, 백만원
"2012","청과(친환경)","채소","안 산","안산농산물","1201","2918",톤, 백만원
"2012","청과(친환경)","채소","안 산","농협안산(공)","951","2149",톤, 백만원
"2012","청과(친환경)","채소","구 리","구리청과","3816","10969",톤, 백만원
"2012","청과(친환경)","채소","구 리","인터넷청과","4191","13388",톤, 백만원
"2012","청과(친환경)","채소","구 리","농 협 구 리(공)","1775","5478",톤, 백만원
"2012","청과(친환경)","채소","구 리","상장예외","0","0",톤, 백만원
"2012","청과(친환경)","채소","춘 천","춘천중앙청과","60","168",톤, 백만원
"2012","청과(친환경)","채소","춘 천","춘 천 원 협(공)","17","20",톤, 백만원
"2012","청과(친환경)","채소","원 주","합동청과","1268","3176",톤, 백만원
"2012","청과(친환경)","채소","원 주","원 주 원 협(공)","792","1898",톤, 백만원
"2012","청과(친환경)","채소","강 릉","강릉농산물","569","1278",톤, 백만원
"2012","청과(친환경)","채소","청 주","청주청과","239","1120",톤, 백만원
"2012","청과(친환경)","채소","청 주","충북사과청주(공)","408","1050",톤, 백만원
"2012","청과(친환경)","채소","충 주","중원청과(충주)","114","274",톤, 백만원
"2012","청과(친환경)","채소","충 주","충주원협충주(공)","307","821",톤, 백만원
"2012","청과(친환경)","채소","천 안","천안청과","251","569",톤, 백만원
"2012","청과(친환경)","채소","천 안","천안농협(공)","0","0",톤, 백만원
"2012","청과(친환경)","채소","전 주","전주청과","98","294",톤, 백만원
"2012","청과(친환경)","채소","전 주","전주원협(공)","294","827",톤, 백만원
"2012","청과(친환경)","채소","익 산","이리청과","2","6",톤, 백만원
"2012","청과(친환경)","채소","익 산","익산원협(공)","1303","3300",톤, 백만원
"2012","청과(친환경)","채소","정 읍","정일청과","435","1382",톤, 백만원
"2012","청과(친환경)","채소","정 읍","정읍원협(공)","52","292",톤, 백만원
"2012","청과(친환경)","채소","순 천","남도청과","1273","3243",톤, 백만원
"2012","청과(친환경)","채소","순 천","남일청과","121","350",톤, 백만원
"2012","청과(친환경)","채소","순 천","순천원협(공)","1196","2622",톤, 백만원
"2012","청과(친환경)","채소","포 항","포항청과","409","1856",톤, 백만원
"2012","청과(친환경)","채소","포 항","경북능금원협(공)","395","1631",톤, 백만원
"2012","청과(친환경)","채소","포 항","포항농협(공)","444","1443",톤, 백만원
"2012","청과(친환경)","채소","안 동","안동청과","223","492",톤, 백만원
"2012","청과(친환경)","채소","안 동","안동농협(공)","99","440",톤, 백만원
"2012","청과(친환경)","채소","구 미","구미중앙청과","76","209",톤, 백만원
"2012","청과(친환경)","채소","구 미","구미농협(공)","416","1790",톤, 백만원
"2012","청과(친환경)","채소","창원팔용","창원청과(구,경남청과)","50","37",톤, 백만원
"2012","청과(친환경)","채소","창원팔용","농협창원(공)","460","1108",톤, 백만원
"2012","청과(친환경)","채소","창원내서","마산청과","293","831",톤, 백만원
"2012","청과(친환경)","채소","창원내서","창원원협(공)","272","976",톤, 백만원
"2012","청과(친환경)","채소","진 주","진주중앙청과","338","695",톤, 백만원
"2012","청과(친환경)","채소","진 주","진주농협(공)","746","1991",톤, 백만원
"2012","청과(친환경)","과일","서울가락","서울청과","10283","33749",톤, 백만원
"2012","청과(친환경)","과일","서울가락","중앙청과","10521","35741",톤, 백만원
"2012","청과(친환경)","과일","서울가락","동부팜청과(구,동화청과)","1469","4555",톤, 백만원
"2012","청과(친환경)","과일","서울가락","한국청과","1718","6110",톤, 백만원
"2012","청과(친환경)","과일","서울가락","대아청과","0","0",톤, 백만원
"2012","청과(친환경)","과일","서울가락","농협가락(공)","6414","19834",톤, 백만원
"2012","청과(친환경)","과일","서울가락","상장예외","0","0",톤, 백만원
"2012","청과(친환경)","과일","서울강서","서부청과","1244","3538",톤, 백만원
"2012","청과(친환경)","과일","서울강서","강서청과","1116","3960",톤, 백만원
"2012","청과(친환경)","과일","서울강서","농협강서(공)","842","2368",톤, 백만원
"2012","청과(친환경)","과일","서울강서","시장도매인","3883","10209",톤, 백만원
"2012","청과(친환경)","과일","부산엄궁","부산청과","93","385",톤, 백만원
"2012","청과(친환경)","과일","부산엄궁","항도청과","59","177",톤, 백만원
"2012","청과(친환경)","과일","부산엄궁","농협부산(공)","41","216",톤, 백만원
"2012","청과(친환경)","과일","부산엄궁","상장예외","0","0",톤, 백만원
"2012","청과(친환경)","과일","부산반여","동부청과","2016","3145",톤, 백만원
"2012","청과(친환경)","과일","부산반여","부산중앙청과","2834","2771",톤, 백만원
"2012","청과(친환경)","과일","부산반여","농협반여(공)","453","1421",톤, 백만원
"2012","청과(친환경)","과일","부산반여","상장예외","0","0",톤, 백만원
"2012","청과(친환경)","과일","대구북부","대구중앙청과","1248","4166",톤, 백만원
"2012","청과(친환경)","과일","대구북부","효성청과","109","420",톤, 백만원
"2012","청과(친환경)","과일","대구북부","대양청과","1686","4458",톤, 백만원
"2012","청과(친환경)","과일","대구북부","농협북대구(공)","591","1707",톤, 백만원
"2012","청과(친환경)","과일","대구북부","대구경북원협(공)","64","1",톤, 백만원
"2012","청과","과일","순 천","남도청과","7772","18287",톤, 백만원
"2012","청과","과일","순 천","남일청과","5137","11877",톤, 백만원
"2012","청과","과일","순 천","순천원협(공)","8372","17978",톤, 백만원
"2012","청과","과일","포 항","포항청과","8177","19001",톤, 백만원
"2012","청과","과일","포 항","경북능금원협(공)","3452","6802",톤, 백만원
"2012","청과","과일","포 항","포항농협(공)","5069","12302",톤, 백만원
"2012","청과","과일","안 동","안동청과","32395","80461",톤, 백만원
"2012","청과","과일","안 동","안동농협(공)","32604","78886",톤, 백만원
"2012","청과","과일","구 미","구미중앙청과","4049","8742",톤, 백만원
"2012","청과","과일","구 미","구미농협(공)","5016","10942",톤, 백만원
"2012","청과","과일","창원팔용","창원청과(구,경남청과)","7649","23702",톤, 백만원
"2012","청과","과일","창원팔용","농협창원(공)","10548","17242",톤, 백만원
"2012","청과","과일","창원내서","마산청과","9343","22743",톤, 백만원
"2012","청과","과일","창원내서","창원원협(공)","8261","18178",톤, 백만원
"2012","청과","과일","진 주","진주중앙청과","7897","18814",톤, 백만원
"2012","청과","과일","진 주","진주농협(공)","17149","41447",톤, 백만원
"2012","청과(친환경)","채소","서울가락","서울청과","19777","61247",톤, 백만원
"2012","청과(친환경)","채소","서울가락","중앙청과","25024","75617",톤, 백만원
"2012","청과(친환경)","채소","서울가락","동부팜청과(구,동화청과)","21168","50852",톤, 백만원
"2012","청과(친환경)","채소","서울가락","한국청과","17527","40245",톤, 백만원
"2012","청과(친환경)","채소","서울가락","대아청과","588","304",톤, 백만원
"2012","청과(친환경)","채소","서울가락","농협가락(공)","15367","37385",톤, 백만원
"2012","청과(친환경)","채소","서울가락","상장예외","0","0",톤, 백만원
"2012","청과(친환경)","채소","서울강서","서부청과","1494","6215",톤, 백만원
"2012","청과(친환경)","채소","서울강서","강서청과","3489","6198",톤, 백만원
"2012","청과(친환경)","채소","서울강서","농협강서(공)","3694","8787",톤, 백만원
"2012","청과(친환경)","채소","서울강서","시장도매인","5900","15891",톤, 백만원
"2012","청과(친환경)","채소","부산엄궁","부산청과","701","1405",톤, 백만원
"2012","청과(친환경)","채소","부산엄궁","항도청과","2863","6324",톤, 백만원
"2012","청과(친환경)","채소","부산엄궁","농협부산(공)","2675","5995",톤, 백만원
"2012","청과(친환경)","채소","부산엄궁","상장예외","0","0",톤, 백만원
"2012","청과(친환경)","채소","부산반여","동부청과","3616","4752",톤, 백만원
"2012","청과(친환경)","채소","부산반여","부산중앙청과","2213","2123",톤, 백만원
"2012","청과(친환경)","채소","부산반여","농협반여(공)","2906","8860",톤, 백만원
"2012","청과(친환경)","채소","부산반여","상장예외","0","0",톤, 백만원
"2012","청과(친환경)","채소","대구북부","대구중앙청과","5769","14199",톤, 백만원
"2012","청과(친환경)","채소","대구북부","효성청과","6484","16897",톤, 백만원
"2012","청과(친환경)","채소","대구북부","대양청과","4389","10933",톤, 백만원
"2012","청과(친환경)","채소","대구북부","농협북대구(공)","5244","12871",톤, 백만원
"2012","청과(친환경)","채소","대구북부","대구경북원협(공)","111","254",톤, 백만원
"2012","청과(친환경)","채소","대구북부","상장예외","0","0",톤, 백만원
"2012","청과(친환경)","채소","인천구월","인천농산","3048","7664",톤, 백만원
"2012","청과(친환경)","채소","인천구월","대인농산","2289","4958",톤, 백만원
"2012","청과(친환경)","채소","인천구월","덕풍청과","437","1149",톤, 백만원
"2012","청과(친환경)","채소","인천구월","인천구월(공)","1709","3432",톤, 백만원
"2012","청과(친환경)","채소","인천삼산","부평농산","908","2009",톤, 백만원
"2012","청과(친환경)","채소","인천삼산","경인농산","700","1704",톤, 백만원
"2012","청과(친환경)","채소","인천삼산","인천삼산(공)","2500","5071",톤, 백만원
"2012","청과(친환경)","채소","광주각화","광주청과","1066","3106",톤, 백만원
"2012","청과(친환경)","채소","광주각화","광주중앙청과","2435","5062",톤, 백만원
"2012","청과(친환경)","채소","광주각화","광주원협(공)","128","527",톤, 백만원
"2012","청과(친환경)","채소","광주서부","두레청과","2177","7238",톤, 백만원
"2012","청과(친환경)","채소","광주서부","호남청과1)","1501","3783",톤, 백만원
"2012","청과(친환경)","채소","광주서부","농협광주(공)","460","1517",톤, 백만원
"2012","청과(친환경)","채소","대전오정","대전청과","1416","3448",톤, 백만원
"2012","청과(친환경)","채소","대전오정","농협대전(공)","824","2748",톤, 백만원
"2012","청과(친환경)","채소","대전노은","대전중앙청과2)","1785","4626",톤, 백만원
"2012","청과(친환경)","채소","대전노은","대전원협(공)","900","2376",톤, 백만원
"2012","청과(친환경)","채소","울 산","울산중앙청과","0","0",톤, 백만원
"2012","청과(친환경)","채소","울 산","울산배원협(공)","580","2302",톤, 백만원
"2012","청과(친환경)","채소","수 원","수원청과","1344","3180",톤, 백만원
"2012","청과(친환경)","채소","수 원","경기청과","5199","5998",톤, 백만원
"2012","청과(친환경)","채소","수 원","수 원 원 협(공)","342","999",톤, 백만원
"2012","청과(친환경)","채소","안 양","태원","491","1264",톤, 백만원
"2012","청과","채소","전 주","전주청과","19788","28111",톤, 백만원
"2012","청과","채소","전 주","전주원협(공)","30508","40424",톤, 백만원
"2012","청과","채소","익 산","이리청과","5109","5013",톤, 백만원
"2012","청과","채소","익 산","익산원협(공)","26141","34590",톤, 백만원
"2012","청과","채소","정 읍","정일청과","8850","11286",톤, 백만원
"2012","청과","채소","정 읍","정읍원협(공)","3287","4722",톤, 백만원
"2012","청과","채소","순 천","남도청과","23681","27841",톤, 백만원
"2012","청과","채소","순 천","남일청과","2322","4725",톤, 백만원
"2012","청과","채소","순 천","순천원협(공)","28861","32401",톤, 백만원
"2012","청과","채소","포 항","포항청과","4060","9633",톤, 백만원
"2012","청과","채소","포 항","경북능금원협(공)","2614","5778",톤, 백만원
"2012","청과","채소","포 항","포항농협(공)","1832","3430",톤, 백만원
"2012","청과","채소","안 동","안동청과","5247","7189",톤, 백만원
"2012","청과","채소","안 동","안동농협(공)","8560","12642",톤, 백만원
"2012","청과","채소","구 미","구미중앙청과","4565","6522",톤, 백만원
"2012","청과","채소","구 미","구미농협(공)","7000","10005",톤, 백만원
"2012","청과","채소","창원팔용","창원청과(구,경남청과)","11377","14437",톤, 백만원
"2012","청과","채소","창원팔용","농협창원(공)","19807","29216",톤, 백만원
"2012","청과","채소","창원내서","마산청과","14941","20043",톤, 백만원
"2012","청과","채소","창원내서","창원원협(공)","31810","32162",톤, 백만원
"2012","청과","채소","진 주","진주중앙청과","7600","16640",톤, 백만원
"2012","청과","채소","진 주","진주농협(공)","25492","46053",톤, 백만원
"2012","청과","과일","서울가락","서울청과","92033","217880",톤, 백만원
"2012","청과","과일","서울가락","중앙청과","88754","217388",톤, 백만원
"2012","청과","과일","서울가락","동부팜청과(구,동화청과)","35873","76977",톤, 백만원
"2012","청과","과일","서울가락","한국청과","33579","71615",톤, 백만원
"2012","청과","과일","서울가락","대아청과","0","0",톤, 백만원
"2012","청과","과일","서울가락","농협가락(공)","65335","161624",톤, 백만원
"2012","청과","과일","서울가락","상장예외","8114","34219",톤, 백만원
"2012","청과","과일","서울강서","서부청과","19604","42137",톤, 백만원
"2012","청과","과일","서울강서","강서청과","8399","21382",톤, 백만원
"2012","청과","과일","서울강서","농협강서(공)","18921","41947",톤, 백만원
"2012","청과","과일","서울강서","시장도매인","112657","246897",톤, 백만원
"2012","청과","과일","부산엄궁","부산청과","17035","37310",톤, 백만원
"2012","청과","과일","부산엄궁","항도청과","18191","29130",톤, 백만원
"2012","청과","과일","부산엄궁","농협부산(공)","13955","38475",톤, 백만원
"2012","청과","과일","부산엄궁","상장예외","0","0",톤, 백만원
"2012","청과","과일","부산반여","동부청과","16399","37643",톤, 백만원
"2012","청과","과일","부산반여","부산중앙청과","18478","37367",톤, 백만원
"2012","청과","과일","부산반여","농협반여(공)","18753","42144",톤, 백만원
"2012","청과","과일","부산반여","상장예외","0","0",톤, 백만원
"2012","청과","과일","대구북부","대구중앙청과","22791","52501",톤, 백만원
"2012","청과","과일","대구북부","효성청과","10468","22211",톤, 백만원
"2012","청과","과일","대구북부","대양청과","8517","17431",톤, 백만원
"2012","청과","과일","대구북부","농협북대구(공)","15893","32548",톤, 백만원
"2012","청과","과일","대구북부","대구경북원협(공)","6382","15432",톤, 백만원
"2012","청과","과일","대구북부","상장예외","0","0",톤, 백만원
"2012","청과","과일","인천구월","인천농산","10928","23531",톤, 백만원
"2012","청과","과일","인천구월","대인농산","9767","20103",톤, 백만원
"2012","청과","과일","인천구월","덕풍청과","10703","24162",톤, 백만원
"2012","청과","과일","인천구월","인천구월(공)","10451","22056",톤, 백만원
"2012","청과","과일","인천삼산","부평농산","13501","31684",톤, 백만원
"2012","청과","과일","인천삼산","경인농산","11551","25400",톤, 백만원
"2012","청과","과일","인천삼산","인천삼산(공)","12678","27106",톤, 백만원
"2012","청과","과일","충 주","중원청과","2037","4413",톤, 백만원
"2012","청과","과일","충 주","충주원협충주(공)","8794","20806",톤, 백만원
"2012","청과","과일","천 안","천안청과","15711","37057",톤, 백만원
"2012","청과","과일","천 안","천안농협(공)","9851","22990",톤, 백만원
"2012","청과","과일","전 주","전주청과","8364","19929",톤, 백만원
"2012","청과","과일","전 주","전주원협(공)","11281","24769",톤, 백만원
"2012","청과","과일","익 산","이리청과","5013","10512",톤, 백만원
"2012","청과","과일","익 산","익산원협(공)","13962","33434",톤, 백만원
"2012","청과","과일","정 읍","정일청과","3772","7703",톤, 백만원
"2012","청과","과일","정 읍","정읍원협(공)","2390","4990",톤, 백만원
"2012","수산","수산","부산국제","(주)삼성아이에프엠","66969","78035",톤, 백만원
"2012","수산","수산","부산국제","(주)부산수산물(공)","44205","98628",톤, 백만원
"2012","수산","수산","부산국제","상장예외","87","485",톤, 백만원
"2012","수산","수산","대구북부","대구수산","2794","11504",톤, 백만원
"2012","수산","수산","대구북부","대구종합수산","5172","19730",톤, 백만원
"2012","수산","수산","대구북부","대구신화수산","4396","19027",톤, 백만원
"2012","수산","수산","광주서부","수협광주(공)","4566","26673",톤, 백만원
"2012","수산","수산","대전오정","대전수산","0","0",톤, 백만원
"2012","수산","수산","대전오정","한밭건해산물","0","0",톤, 백만원
"2012","수산","수산","대전오정","한밭수산","5880","28296",톤, 백만원
"2012","수산","수산","울 산","울산중앙수산","2244","9796",톤, 백만원
"2012","수산","수산","울 산","울산건해산물","414","4180",톤, 백만원
"2012","수산","수산","울 산","울산수협(공)","2987","13482",톤, 백만원
"2012","수산","수산","울 산","상장예외","67","877",톤, 백만원
"2012","수산","수산","수 원","수원수산","3256","12012",톤, 백만원
"2012","수산","수산","수 원","남부수협수원 (공)","6247","14758",톤, 백만원
"2012","수산","수산","안 양","안양평촌수산","8853","32292",톤, 백만원
"2012","수산","수산","안 양","상장예외","0","0",톤, 백만원
"2012","수산","수산","안 산","안산수산","3626","11358",톤, 백만원
"2012","수산","수산","안 산","상장예외","158","1074",톤, 백만원
"2012","수산","수산","구 리","강북수산","21983","60153",톤, 백만원
"2012","수산","수산","구 리","수협구리(공)","18112","71642",톤, 백만원
"2012","수산","수산","구 리","상장예외","792","7300",톤, 백만원
"2012","수산","수산","청 주","청주수산","1700","5030",톤, 백만원
"2012","수산","수산","충 주","중원수산","593","2444",톤, 백만원
"2012","수산","수산","전 주","전주수산","1122","4938",톤, 백만원
"2012","수산","수산","전 주","수협전주(공)","785","4720",톤, 백만원
"2012","수산","수산","익 산","이리수산","1213","4711",톤, 백만원
"2012","청과","채소","서울가락","서울청과","234887","448058",톤, 백만원
"2012","청과","채소","서울가락","중앙청과","235313","466564",톤, 백만원
"2012","청과","채소","서울가락","동부팜청과(구,동화청과)","293179","512229",톤, 백만원
"2012","청과","채소","서울가락","한국청과","360183","570305",톤, 백만원
"2012","청과","채소","서울가락","대아청과","422820","323218",톤, 백만원
"2012","청과","채소","서울가락","농협가락(공)","130206","276604",톤, 백만원
"2012","청과","채소","서울가락","상장예외","202509","465324",톤, 백만원
"2012","청과","채소","서울강서","서부청과","78963","98500",톤, 백만원
"2012","청과","채소","서울강서","강서청과","62061","70145",톤, 백만원
"2012","청과","채소","서울강서","농협강서(공)","78595","98954",톤, 백만원
"2012","청과","채소","서울강서","시장도매인","161602","278049",톤, 백만원
"2012","청과","채소","부산엄궁","부산청과","72305","66914",톤, 백만원
"2012","청과","채소","부산엄궁","항도청과","50280","76314",톤, 백만원
"2012","청과","채소","부산엄궁","농협부산(공)","54051","119363",톤, 백만원
"2012","청과","채소","부산엄궁","상장예외","140582","88247",톤, 백만원
"2012","청과","채소","부산반여","동부청과","41535","64565",톤, 백만원
"2012","청과","채소","부산반여","부산중앙청과","40111","66541",톤, 백만원
"2012","청과","채소","부산반여","농협반여(공)","53174","94849",톤, 백만원
"2012","청과","채소","부산반여","상장예외","36615","45741",톤, 백만원
"2012","청과","채소","대구북부","대구중앙청과","61118","117835",톤, 백만원
"2012","청과","채소","대구북부","효성청과","95107","128510",톤, 백만원
"2012","청과","채소","대구북부","대양청과","96441","120382",톤, 백만원
"2012","청과","채소","대구북부","농협북대구(공)","30690","60264",톤, 백만원
"2012","청과","채소","대구북부","대구경북원협(공)","44735","37766",톤, 백만원
"2012","청과","채소","대구북부","상장예외","89422","71718",톤, 백만원
"2012","청과","채소","인천구월","인천농산","60202","78072",톤, 백만원
"2012","청과","채소","인천구월","대인농산","40842","55605",톤, 백만원
"2012","청과","채소","인천구월","덕풍청과","30722","42391",톤, 백만원
"2012","청과","채소","인천구월","인천구월(공)","37220","48672",톤, 백만원
"2012","청과","채소","인천삼산","부평농산","58529","66149",톤, 백만원
"2012","청과","채소","인천삼산","경인농산","61324","77755",톤, 백만원
"2012","청과","채소","인천삼산","인천삼산(공)","52261","72448",톤, 백만원
"2012","청과","채소","충 주","중원청과","9335","12071",톤, 백만원
"2012","청과","채소","충 주","충주원협충주(공)","10585","19118",톤, 백만원
"2012","청과","채소","천 안","천안청과","28483","37008",톤, 백만원
"2012","청과","채소","천 안","천안농협(공)","14432","16574",톤, 백만원
"2012","청과(친환경)","과일","인천삼산","부평농산","1049","3396",톤, 백만원
"2012","청과(친환경)","과일","인천삼산","경인농산","595","1646",톤, 백만원
"2012","청과(친환경)","과일","인천삼산","인천삼산(공)","643","2009",톤, 백만원
"2012","청과(친환경)","과일","광주각화","광주청과","1368","4031",톤, 백만원
"2012","청과(친환경)","과일","광주각화","광주중앙청과","0","0",톤, 백만원
"2012","청과(친환경)","과일","광주각화","광주원협(공)","62","172",톤, 백만원
"2012","청과(친환경)","과일","광주서부","두레청과","1804","5464",톤, 백만원
"2012","청과(친환경)","과일","광주서부","호남청과1)","1600","5528",톤, 백만원
"2012","청과(친환경)","과일","광주서부","농협광주(공)","416","1362",톤, 백만원
"2012","청과(친환경)","과일","대전오정","대전청과","401","1305",톤, 백만원
"2012","청과(친환경)","과일","대전오정","농협대전(공)","1922","5129",톤, 백만원
"2012","청과(친환경)","과일","대전노은","대전중앙청과2)","1199","3702",톤, 백만원
"2012","청과(친환경)","과일","대전노은","대전원협(공)","537","1586",톤, 백만원
"2012","청과(친환경)","과일","울 산","울산중앙청과","1868","2924",톤, 백만원
"2012","청과(친환경)","과일","울 산","울산배원협(공)","569","561",톤, 백만원
"2012","청과(친환경)","과일","수 원","수원청과","1173","3666",톤, 백만원
"2012","청과(친환경)","과일","수 원","경기청과","547","1701",톤, 백만원
"2012","청과(친환경)","과일","수 원","수 원 원 협(공)","580","1720",톤, 백만원
"2012","청과(친환경)","과일","안 양","태원","1","1",톤, 백만원
"2012","청과(친환경)","과일","안 양","안 양 원 협(공)","1060","3728",톤, 백만원
"2012","청과(친환경)","과일","안 산","안산농산물","1046","3068",톤, 백만원
"2012","청과(친환경)","과일","안 산","농협안산(공)","2","6",톤, 백만원
"2012","청과(친환경)","과일","구 리","구리청과","2518","7615",톤, 백만원
"2012","청과(친환경)","과일","구 리","인터넷청과","914","2825",톤, 백만원
"2012","청과(친환경)","과일","구 리","농 협 구 리(공)","1749","5222",톤, 백만원
"2012","청과(친환경)","과일","구 리","상장예외","0","0",톤, 백만원
"2012","청과(친환경)","과일","춘 천","춘천중앙청과","79","249",톤, 백만원
"2012","청과(친환경)","과일","춘 천","춘 천 원 협(공)","54","150",톤, 백만원
"2012","청과(친환경)","과일","원 주","합동청과","588","1629",톤, 백만원
"2012","청과(친환경)","과일","원 주","원 주 원 협(공)","414","1288",톤, 백만원
"2012","청과(친환경)","과일","강 릉","강릉농산물","141","439",톤, 백만원
"2012","청과(친환경)","과일","청 주","청주청과","0","0",톤, 백만원
"2012","청과(친환경)","과일","청 주","충북사과청주(공)","661","2150",톤, 백만원
"2012","청과(친환경)","과일","충 주","중원청과(충주)","98","301",톤, 백만원
"2012","청과(친환경)","과일","충 주","충주원협충주(공)","474","1289",톤, 백만원
"2012","청과(친환경)","과일","천 안","천안청과","361","1111",톤, 백만원
"2012","청과(친환경)","과일","천 안","천안농협(공)","0","0",톤, 백만원
"2012","청과(친환경)","과일","전 주","전주청과","2","7",톤, 백만원
"2012","청과(친환경)","과일","전 주","전주원협(공)","97","259",톤, 백만원
"2012","청과(친환경)","과일","익 산","이리청과","2","0",톤, 백만원
"2012","청과(친환경)","과일","익 산","익산원협(공)","127","234",톤, 백만원
"2012","청과(친환경)","과일","정 읍","정일청과","459","1379",톤, 백만원
"2012","청과(친환경)","과일","정 읍","정읍원협(공)","0","0",톤, 백만원
"2012","청과(친환경)","과일","순 천","남도청과","564","1651",톤, 백만원
"2012","청과(친환경)","과일","순 천","남일청과","235","669",톤, 백만원
"2012","청과(친환경)","과일","순 천","순천원협(공)","40","99",톤, 백만원
"2012","청과(친환경)","과일","포 항","포항청과","755","2265",톤, 백만원
"2012","청과(친환경)","과일","포 항","경북능금원협(공)","231","570",톤, 백만원
"2012","청과(친환경)","과일","포 항","포항농협(공)","688","2292",톤, 백만원
"2012","청과(친환경)","과일","안 동","안동청과","5423","12655",톤, 백만원
"2012","청과(친환경)","과일","안 동","안동농협(공)","526","1407",톤, 백만원
"2012","청과(친환경)","과일","구 미","구미중앙청과","0","0",톤, 백만원
"2012","청과(친환경)","과일","구 미","구미농협(공)","451","1580",톤, 백만원
"2012","청과(친환경)","과일","창원팔용","창원청과(구,경남청과)","333","268",톤, 백만원
"2012","청과(친환경)","과일","창원팔용","농협창원(공)","336","979",톤, 백만원
"2012","청과(친환경)","과일","창원내서","마산청과","520","1716",톤, 백만원
"2012","청과(친환경)","과일","창원내서","창원원협(공)","293","781",톤, 백만원
"2012","청과(친환경)","과일","진 주","진주중앙청과","348","803",톤, 백만원
"2012","청과(친환경)","과일","진 주","진주농협(공)","1602","3132",톤, 백만원
"2012","수산","수산","서울가락","강동수산","49635","166817",톤, 백만원
"2012","수산","수산","서울가락","서울건해","19211","139184",톤, 백만원
"2012","수산","수산","서울가락","수협가락(공)","28356","86136",톤, 백만원
"2012","수산","수산","서울가락","상장예외","9713","57357",톤, 백만원
"2012","수산","수산","부산국제","부산감천항수산","7467","25208",톤, 백만원
